{
  "config": {
    "model_path": "/alloc/data/Qwen3-235B-A22B",
    "n_prompts": 10,
    "max_new_tokens": 20,
    "n_layers": 94,
    "n_experts": 128,
    "top_k": 8,
    "n_gpus": 8,
    "gpu_mem_gib": 57.0,
    "out": "/alloc/data/routing_predict.json"
  },
  "n_decode_tokens": 200,
  "gpu_imbalance": {
    "round_robin": 2.534255319148936,
    "replicate": {
      "4": 2.248457446808511,
      "8": 2.0449468085106384,
      "16": 1.7291489361702128
    }
  },
  "placement_local_fraction": {
    "round_robin": {
      "label": "round_robin",
      "total_edge_weight": 1716800,
      "cross_gpu_weight": 1505211,
      "cross_gpu_fraction": 0.8768,
      "local_fraction": 0.1232
    },
    "affinity": {
      "label": "affinity",
      "total_edge_weight": 1716800,
      "cross_gpu_weight": 1172544,
      "cross_gpu_fraction": 0.683,
      "local_fraction": 0.317
    }
  },
  "predictability": {
    "persistence": 0.44608762597984325,
    "persistence_by_layer": [
      0.104,
      0.146,
      0.242,
      0.336,
      0.312,
      0.474,
      0.443,
      0.404,
      0.42,
      0.47,
      0.423,
      0.536,
      0.572,
      0.584,
      0.491,
      0.533,
      0.574,
      0.581,
      0.48,
      0.536,
      0.538,
      0.484,
      0.537,
      0.491,
      0.482,
      0.402,
      0.335,
      0.459,
      0.47,
      0.511,
      0.374,
      0.474,
      0.5,
      0.522,
      0.454,
      0.47,
      0.508,
      0.522,
      0.402,
      0.512,
      0.52,
      0.476,
      0.508,
      0.424,
      0.449,
      0.372,
      0.324,
      0.501,
      0.44,
      0.458,
      0.509,
      0.493,
      0.39,
      0.467,
      0.514,
      0.448,
      0.457,
      0.419,
      0.455,
      0.366,
      0.309,
      0.388,
      0.437,
      0.495,
      0.383,
      0.497,
      0.493,
      0.528,
      0.478,
      0.462,
      0.479,
      0.472,
      0.388,
      0.481,
      0.53,
      0.467,
      0.492,
      0.414,
      0.472,
      0.357,
      0.318,
      0.399,
      0.447,
      0.48,
      0.476,
      0.468,
      0.479,
      0.426,
      0.46,
      0.436,
      0.41,
      0.392,
      0.396,
      0.226
    ],
    "coverage": {
      "8": {
        "static_hot": 0.2807712765957447,
        "combined": 0.5515047592385218
      },
      "16": {
        "static_hot": 0.44868351063829787,
        "combined": 0.6420072788353863
      },
      "32": {
        "static_hot": 0.6843949468085107,
        "combined": 0.7826777715565509
      }
    }
  }
}